epoch,accuracy,loss,val_accuracy,val_loss
0,0.7647016048431396,0.860990047454834,0.8800115585327148,0.44237062335014343
1,0.9115912318229675,0.31737998127937317,0.889853835105896,0.42246854305267334
2,0.9491549730300903,0.18038904666900635,0.8988276124000549,0.4071120321750641
3,0.9671407341957092,0.1155647411942482,0.9024460911750793,0.4222641587257385
4,0.9767307043075562,0.08517848700284958,0.902590811252594,0.4453359842300415
